{"cameraMode":{"drawMode":0,"name":"Shaded","section":"Shading Mode"},"sceneLighting":false,"audioPlay":false,"sceneViewState":{"m_AlwaysRefresh":false,"showFog":true,"showSkybox":false,"showFlares":true,"showImageEffects":true,"showParticleSystems":true,"showVisualEffectGraphs":true,"m_FxEnabled":true},"in2DMode":false,"pivot":{"x":0.09999942779541016,"y":1.0006136894226075,"z":8.202683448791504},"rotation":{"x":-0.17369002103805543,"y":0.6502959132194519,"z":-0.15625303983688355,"w":-0.7228670120239258},"size":5.9611029624938969,"orthographic":false}